{
  "project_info": {
    "project_number": "705812382133",
    "firebase_url": "https://massage-79003.firebaseio.com",
    "project_id": "massage-79003",
    "storage_bucket": "massage-79003.appspot.com"
  },
  "client": [
    {
      "client_info": {
        "mobilesdk_app_id": "1:705812382133:android:281b19eccf1be1c0d959fc",
        "android_client_info": {
          "package_name": "com.issaasbah.massage"
        }
      },
      "oauth_client": [
        {
          "client_id": "705812382133-uo8dgn8s4bpmabja2h77qr58i0h03btm.apps.googleusercontent.com",
          "client_type": 1,
          "android_info": {
            "package_name": "com.issaasbah.massage",
            "certificate_hash": "b881ac994cdb8a4bcaa4252ae0ae9cdbe782756d"
          }
        },
        {
          "client_id": "705812382133-o99fgut0n1k0nialtuau82s47ib6vs5h.apps.googleusercontent.com",
          "client_type": 3
        }
      ],
      "api_key": [
        {
          "current_key": "AIzaSyB2QqIdIt8lP3czcE6XVJJgbReXvocQrC8"
        }
      ],
      "services": {
        "appinvite_service": {
          "other_platform_oauth_client": [
            {
              "client_id": "705812382133-o99fgut0n1k0nialtuau82s47ib6vs5h.apps.googleusercontent.com",
              "client_type": 3
            }
          ]
        }
      }
    }
  ],
  "configuration_version": "1"
}