{
  "project_info": {
    "project_number": "199743356673",
    "firebase_url": "https://massage-1e08a.firebaseio.com",
    "project_id": "massage-1e08a",
    "storage_bucket": "massage-1e08a.appspot.com"
  },
  "client": [
    {
      "client_info": {
        "mobilesdk_app_id": "1:199743356673:android:1e5e95d368e7c845282500",
        "android_client_info": {
          "package_name": "com.issaasbah.massage"
        }
      },
      "oauth_client": [
        {
          "client_id": "199743356673-ccq2mhl7m8a15vosmik7ccr0tohfm9gi.apps.googleusercontent.com",
          "client_type": 3
        }
      ],
      "api_key": [
        {
          "current_key": "AIzaSyBUOe4ImiEUAmpwo2r-7UfMorrlGDC7G3U"
        }
      ],
      "services": {
        "appinvite_service": {
          "other_platform_oauth_client": [
            {
              "client_id": "199743356673-ccq2mhl7m8a15vosmik7ccr0tohfm9gi.apps.googleusercontent.com",
              "client_type": 3
            }
          ]
        }
      }
    }
  ],
  "configuration_version": "1"
}